window_start,window_end,host,label,event,source,note
2026-08-19T07:44:09.115755Z,2026-08-19T07:49:13.290354Z,cubebox,1,"jobspy nightly scan, remote scope, model extraction stage",nightly-history.tsv start 02:00; screened csv mtime 02:19 ends scraping; extracted csv mtime 15:36 ends extraction,seeded by tools/seed_labels.py
2026-08-19T07:49:24.804123Z,2026-08-19T07:54:23.007810Z,cubebox,1,"jobspy nightly scan, remote scope, model extraction stage",nightly-history.tsv start 02:00; screened csv mtime 02:19 ends scraping; extracted csv mtime 15:36 ends extraction,seeded by tools/seed_labels.py
2026-08-19T07:54:34.564189Z,2026-08-19T07:59:32.545272Z,cubebox,1,"jobspy nightly scan, remote scope, model extraction stage",nightly-history.tsv start 02:00; screened csv mtime 02:19 ends scraping; extracted csv mtime 15:36 ends extraction,seeded by tools/seed_labels.py
2026-08-19T07:59:44.086792Z,2026-08-19T08:04:42.012179Z,cubebox,1,"jobspy nightly scan, remote scope, model extraction stage",nightly-history.tsv start 02:00; screened csv mtime 02:19 ends scraping; extracted csv mtime 15:36 ends extraction,seeded by tools/seed_labels.py
2026-08-19T08:04:53.618239Z,2026-08-19T08:09:51.339560Z,cubebox,1,"jobspy nightly scan, remote scope, model extraction stage",nightly-history.tsv start 02:00; screened csv mtime 02:19 ends scraping; extracted csv mtime 15:36 ends extraction,seeded by tools/seed_labels.py
2026-08-19T08:10:02.825035Z,2026-08-19T08:15:00.916633Z,cubebox,1,"jobspy nightly scan, remote scope, model extraction stage",nightly-history.tsv start 02:00; screened csv mtime 02:19 ends scraping; extracted csv mtime 15:36 ends extraction,seeded by tools/seed_labels.py
2026-08-19T08:15:12.391048Z,2026-08-19T08:20:10.322839Z,cubebox,1,"jobspy nightly scan, remote scope, model extraction stage",nightly-history.tsv start 02:00; screened csv mtime 02:19 ends scraping; extracted csv mtime 15:36 ends extraction,seeded by tools/seed_labels.py
2026-08-19T08:20:21.935929Z,2026-08-19T08:25:19.781176Z,cubebox,1,"jobspy nightly scan, remote scope, model extraction stage",nightly-history.tsv start 02:00; screened csv mtime 02:19 ends scraping; extracted csv mtime 15:36 ends extraction,seeded by tools/seed_labels.py
2026-08-19T08:25:31.351935Z,2026-08-19T08:30:29.300821Z,cubebox,1,"jobspy nightly scan, remote scope, model extraction stage",nightly-history.tsv start 02:00; screened csv mtime 02:19 ends scraping; extracted csv mtime 15:36 ends extraction,seeded by tools/seed_labels.py
2026-08-19T08:30:40.791306Z,2026-08-19T08:35:48.532167Z,cubebox,1,"jobspy nightly scan, remote scope, model extraction stage",nightly-history.tsv start 02:00; screened csv mtime 02:19 ends scraping; extracted csv mtime 15:36 ends extraction,seeded by tools/seed_labels.py
2026-08-19T08:35:58.541618Z,2026-08-19T08:40:57.966460Z,cubebox,1,"jobspy nightly scan, remote scope, model extraction stage",nightly-history.tsv start 02:00; screened csv mtime 02:19 ends scraping; extracted csv mtime 15:36 ends extraction,seeded by tools/seed_labels.py
2026-08-19T08:41:07.984671Z,2026-08-19T08:46:07.252015Z,cubebox,1,"jobspy nightly scan, remote scope, model extraction stage",nightly-history.tsv start 02:00; screened csv mtime 02:19 ends scraping; extracted csv mtime 15:36 ends extraction,seeded by tools/seed_labels.py
2026-08-19T08:46:17.250775Z,2026-08-19T08:51:17.102412Z,cubebox,1,"jobspy nightly scan, remote scope, model extraction stage",nightly-history.tsv start 02:00; screened csv mtime 02:19 ends scraping; extracted csv mtime 15:36 ends extraction,seeded by tools/seed_labels.py
2026-08-19T08:51:27.107088Z,2026-08-19T08:56:26.418227Z,cubebox,1,"jobspy nightly scan, remote scope, model extraction stage",nightly-history.tsv start 02:00; screened csv mtime 02:19 ends scraping; extracted csv mtime 15:36 ends extraction,seeded by tools/seed_labels.py
2026-08-19T08:56:36.424589Z,2026-08-19T09:01:35.853166Z,cubebox,1,"jobspy nightly scan, remote scope, model extraction stage",nightly-history.tsv start 02:00; screened csv mtime 02:19 ends scraping; extracted csv mtime 15:36 ends extraction,seeded by tools/seed_labels.py
2026-08-19T09:01:45.853012Z,2026-08-19T09:07:18.469787Z,cubebox,1,"jobspy nightly scan, remote scope, model extraction stage",nightly-history.tsv start 02:00; screened csv mtime 02:19 ends scraping; extracted csv mtime 15:36 ends extraction,seeded by tools/seed_labels.py
2026-08-19T09:07:28.476048Z,2026-08-19T09:12:28.547215Z,cubebox,1,"jobspy nightly scan, remote scope, model extraction stage",nightly-history.tsv start 02:00; screened csv mtime 02:19 ends scraping; extracted csv mtime 15:36 ends extraction,seeded by tools/seed_labels.py
2026-08-19T09:12:38.553870Z,2026-08-19T09:17:38.622023Z,cubebox,1,"jobspy nightly scan, remote scope, model extraction stage",nightly-history.tsv start 02:00; screened csv mtime 02:19 ends scraping; extracted csv mtime 15:36 ends extraction,seeded by tools/seed_labels.py
2026-08-19T09:17:48.646637Z,2026-08-19T09:22:48.830094Z,cubebox,1,"jobspy nightly scan, remote scope, model extraction stage",nightly-history.tsv start 02:00; screened csv mtime 02:19 ends scraping; extracted csv mtime 15:36 ends extraction,seeded by tools/seed_labels.py
2026-08-19T09:22:58.851476Z,2026-08-19T09:27:58.973573Z,cubebox,1,"jobspy nightly scan, remote scope, model extraction stage",nightly-history.tsv start 02:00; screened csv mtime 02:19 ends scraping; extracted csv mtime 15:36 ends extraction,seeded by tools/seed_labels.py
2026-08-19T09:28:08.993626Z,2026-08-19T09:33:09.217549Z,cubebox,1,"jobspy nightly scan, remote scope, model extraction stage",nightly-history.tsv start 02:00; screened csv mtime 02:19 ends scraping; extracted csv mtime 15:36 ends extraction,seeded by tools/seed_labels.py
2026-08-19T09:33:19.201878Z,2026-08-19T09:38:19.531816Z,cubebox,1,"jobspy nightly scan, remote scope, model extraction stage",nightly-history.tsv start 02:00; screened csv mtime 02:19 ends scraping; extracted csv mtime 15:36 ends extraction,seeded by tools/seed_labels.py
2026-08-19T09:38:29.556874Z,2026-08-19T09:43:39.407826Z,cubebox,1,"jobspy nightly scan, remote scope, model extraction stage",nightly-history.tsv start 02:00; screened csv mtime 02:19 ends scraping; extracted csv mtime 15:36 ends extraction,seeded by tools/seed_labels.py
2026-08-19T09:43:50.774964Z,2026-08-19T09:48:49.635363Z,cubebox,1,"jobspy nightly scan, remote scope, model extraction stage",nightly-history.tsv start 02:00; screened csv mtime 02:19 ends scraping; extracted csv mtime 15:36 ends extraction,seeded by tools/seed_labels.py
2026-08-19T09:49:00.977520Z,2026-08-19T09:53:59.890403Z,cubebox,1,"jobspy nightly scan, remote scope, model extraction stage",nightly-history.tsv start 02:00; screened csv mtime 02:19 ends scraping; extracted csv mtime 15:36 ends extraction,seeded by tools/seed_labels.py
2026-08-19T09:54:11.273375Z,2026-08-19T09:59:10.175372Z,cubebox,1,"jobspy nightly scan, remote scope, model extraction stage",nightly-history.tsv start 02:00; screened csv mtime 02:19 ends scraping; extracted csv mtime 15:36 ends extraction,seeded by tools/seed_labels.py
2026-08-19T09:59:21.501849Z,2026-08-19T10:04:20.391691Z,cubebox,1,"jobspy nightly scan, remote scope, model extraction stage",nightly-history.tsv start 02:00; screened csv mtime 02:19 ends scraping; extracted csv mtime 15:36 ends extraction,seeded by tools/seed_labels.py
2026-08-19T10:04:31.726429Z,2026-08-19T10:09:40.246270Z,cubebox,1,"jobspy nightly scan, remote scope, model extraction stage",nightly-history.tsv start 02:00; screened csv mtime 02:19 ends scraping; extracted csv mtime 15:36 ends extraction,seeded by tools/seed_labels.py
2026-08-19T10:09:50.581954Z,2026-08-19T10:14:50.231872Z,cubebox,1,"jobspy nightly scan, remote scope, model extraction stage",nightly-history.tsv start 02:00; screened csv mtime 02:19 ends scraping; extracted csv mtime 15:36 ends extraction,seeded by tools/seed_labels.py
2026-08-19T10:15:00.574237Z,2026-08-19T10:20:00.542291Z,cubebox,1,"jobspy nightly scan, remote scope, model extraction stage",nightly-history.tsv start 02:00; screened csv mtime 02:19 ends scraping; extracted csv mtime 15:36 ends extraction,seeded by tools/seed_labels.py
2026-08-19T10:20:10.845801Z,2026-08-19T10:25:10.591486Z,cubebox,1,"jobspy nightly scan, remote scope, model extraction stage",nightly-history.tsv start 02:00; screened csv mtime 02:19 ends scraping; extracted csv mtime 15:36 ends extraction,seeded by tools/seed_labels.py
2026-08-19T10:25:20.910649Z,2026-08-19T10:30:20.641110Z,cubebox,1,"jobspy nightly scan, remote scope, model extraction stage",nightly-history.tsv start 02:00; screened csv mtime 02:19 ends scraping; extracted csv mtime 15:36 ends extraction,seeded by tools/seed_labels.py
2026-08-19T10:30:30.947883Z,2026-08-19T10:35:30.869967Z,cubebox,1,"jobspy nightly scan, remote scope, model extraction stage",nightly-history.tsv start 02:00; screened csv mtime 02:19 ends scraping; extracted csv mtime 15:36 ends extraction,seeded by tools/seed_labels.py
2026-08-19T10:35:41.201406Z,2026-08-19T10:40:45.860598Z,cubebox,1,"jobspy nightly scan, remote scope, model extraction stage",nightly-history.tsv start 02:00; screened csv mtime 02:19 ends scraping; extracted csv mtime 15:36 ends extraction,seeded by tools/seed_labels.py
2026-08-19T10:40:55.876368Z,2026-08-19T10:46:00.830001Z,cubebox,1,"jobspy nightly scan, remote scope, model extraction stage",nightly-history.tsv start 02:00; screened csv mtime 02:19 ends scraping; extracted csv mtime 15:36 ends extraction,seeded by tools/seed_labels.py
2026-08-19T10:46:10.834222Z,2026-08-19T10:51:10.832976Z,cubebox,1,"jobspy nightly scan, remote scope, model extraction stage",nightly-history.tsv start 02:00; screened csv mtime 02:19 ends scraping; extracted csv mtime 15:36 ends extraction,seeded by tools/seed_labels.py
2026-08-19T10:51:20.836278Z,2026-08-19T10:56:21.326160Z,cubebox,1,"jobspy nightly scan, remote scope, model extraction stage",nightly-history.tsv start 02:00; screened csv mtime 02:19 ends scraping; extracted csv mtime 15:36 ends extraction,seeded by tools/seed_labels.py
2026-08-19T10:56:31.339401Z,2026-08-19T11:01:31.842808Z,cubebox,1,"jobspy nightly scan, remote scope, model extraction stage",nightly-history.tsv start 02:00; screened csv mtime 02:19 ends scraping; extracted csv mtime 15:36 ends extraction,seeded by tools/seed_labels.py
2026-08-19T11:01:41.862529Z,2026-08-19T11:06:42.728530Z,cubebox,1,"jobspy nightly scan, remote scope, model extraction stage",nightly-history.tsv start 02:00; screened csv mtime 02:19 ends scraping; extracted csv mtime 15:36 ends extraction,seeded by tools/seed_labels.py
2026-08-19T11:06:52.748838Z,2026-08-19T11:11:54.328670Z,cubebox,1,"jobspy nightly scan, remote scope, model extraction stage",nightly-history.tsv start 02:00; screened csv mtime 02:19 ends scraping; extracted csv mtime 15:36 ends extraction,seeded by tools/seed_labels.py
2026-08-19T11:12:04.335949Z,2026-08-19T11:17:04.687099Z,cubebox,1,"jobspy nightly scan, remote scope, model extraction stage",nightly-history.tsv start 02:00; screened csv mtime 02:19 ends scraping; extracted csv mtime 15:36 ends extraction,seeded by tools/seed_labels.py
2026-08-19T11:17:14.684400Z,2026-08-19T11:22:14.625750Z,cubebox,1,"jobspy nightly scan, remote scope, model extraction stage",nightly-history.tsv start 02:00; screened csv mtime 02:19 ends scraping; extracted csv mtime 15:36 ends extraction,seeded by tools/seed_labels.py
2026-08-19T11:22:24.623204Z,2026-08-19T11:27:25.103556Z,cubebox,1,"jobspy nightly scan, remote scope, model extraction stage",nightly-history.tsv start 02:00; screened csv mtime 02:19 ends scraping; extracted csv mtime 15:36 ends extraction,seeded by tools/seed_labels.py
2026-08-19T11:27:35.106533Z,2026-08-19T11:32:35.224857Z,cubebox,1,"jobspy nightly scan, remote scope, model extraction stage",nightly-history.tsv start 02:00; screened csv mtime 02:19 ends scraping; extracted csv mtime 15:36 ends extraction,seeded by tools/seed_labels.py
2026-08-19T11:32:45.231357Z,2026-08-19T11:37:45.696179Z,cubebox,1,"jobspy nightly scan, remote scope, model extraction stage",nightly-history.tsv start 02:00; screened csv mtime 02:19 ends scraping; extracted csv mtime 15:36 ends extraction,seeded by tools/seed_labels.py
2026-08-19T11:37:55.697242Z,2026-08-19T11:42:56.115831Z,cubebox,1,"jobspy nightly scan, remote scope, model extraction stage",nightly-history.tsv start 02:00; screened csv mtime 02:19 ends scraping; extracted csv mtime 15:36 ends extraction,seeded by tools/seed_labels.py
2026-08-19T11:43:06.119195Z,2026-08-19T11:48:07.094264Z,cubebox,1,"jobspy nightly scan, remote scope, model extraction stage",nightly-history.tsv start 02:00; screened csv mtime 02:19 ends scraping; extracted csv mtime 15:36 ends extraction,seeded by tools/seed_labels.py
2026-08-19T11:48:17.100278Z,2026-08-19T11:53:24.275419Z,cubebox,1,"jobspy nightly scan, remote scope, model extraction stage",nightly-history.tsv start 02:00; screened csv mtime 02:19 ends scraping; extracted csv mtime 15:36 ends extraction,seeded by tools/seed_labels.py
2026-08-19T11:53:34.280507Z,2026-08-19T11:58:36.464609Z,cubebox,1,"jobspy nightly scan, remote scope, model extraction stage",nightly-history.tsv start 02:00; screened csv mtime 02:19 ends scraping; extracted csv mtime 15:36 ends extraction,seeded by tools/seed_labels.py
2026-08-19T11:58:46.462921Z,2026-08-19T12:03:48.035984Z,cubebox,1,"jobspy nightly scan, remote scope, model extraction stage",nightly-history.tsv start 02:00; screened csv mtime 02:19 ends scraping; extracted csv mtime 15:36 ends extraction,seeded by tools/seed_labels.py
2026-08-19T12:03:58.018737Z,2026-08-19T12:08:59.858729Z,cubebox,1,"jobspy nightly scan, remote scope, model extraction stage",nightly-history.tsv start 02:00; screened csv mtime 02:19 ends scraping; extracted csv mtime 15:36 ends extraction,seeded by tools/seed_labels.py
2026-08-19T12:09:09.859419Z,2026-08-19T12:14:10.901313Z,cubebox,1,"jobspy nightly scan, remote scope, model extraction stage",nightly-history.tsv start 02:00; screened csv mtime 02:19 ends scraping; extracted csv mtime 15:36 ends extraction,seeded by tools/seed_labels.py
2026-08-19T12:14:20.908260Z,2026-08-19T12:19:22.039836Z,cubebox,1,"jobspy nightly scan, remote scope, model extraction stage",nightly-history.tsv start 02:00; screened csv mtime 02:19 ends scraping; extracted csv mtime 15:36 ends extraction,seeded by tools/seed_labels.py
2026-08-19T12:19:32.033752Z,2026-08-19T12:24:33.148517Z,cubebox,1,"jobspy nightly scan, remote scope, model extraction stage",nightly-history.tsv start 02:00; screened csv mtime 02:19 ends scraping; extracted csv mtime 15:36 ends extraction,seeded by tools/seed_labels.py
2026-08-19T12:24:43.158005Z,2026-08-19T12:29:44.200486Z,cubebox,1,"jobspy nightly scan, remote scope, model extraction stage",nightly-history.tsv start 02:00; screened csv mtime 02:19 ends scraping; extracted csv mtime 15:36 ends extraction,seeded by tools/seed_labels.py
2026-08-19T12:29:54.217330Z,2026-08-19T12:34:55.809741Z,cubebox,1,"jobspy nightly scan, remote scope, model extraction stage",nightly-history.tsv start 02:00; screened csv mtime 02:19 ends scraping; extracted csv mtime 15:36 ends extraction,seeded by tools/seed_labels.py
2026-08-19T12:35:05.830950Z,2026-08-19T12:40:07.844892Z,cubebox,1,"jobspy nightly scan, remote scope, model extraction stage",nightly-history.tsv start 02:00; screened csv mtime 02:19 ends scraping; extracted csv mtime 15:36 ends extraction,seeded by tools/seed_labels.py
2026-08-19T12:40:17.833108Z,2026-08-19T12:45:20.110538Z,cubebox,1,"jobspy nightly scan, remote scope, model extraction stage",nightly-history.tsv start 02:00; screened csv mtime 02:19 ends scraping; extracted csv mtime 15:36 ends extraction,seeded by tools/seed_labels.py
2026-08-19T12:45:30.132310Z,2026-08-19T12:50:31.931984Z,cubebox,1,"jobspy nightly scan, remote scope, model extraction stage",nightly-history.tsv start 02:00; screened csv mtime 02:19 ends scraping; extracted csv mtime 15:36 ends extraction,seeded by tools/seed_labels.py
2026-08-19T12:50:41.916142Z,2026-08-19T12:55:43.949721Z,cubebox,1,"jobspy nightly scan, remote scope, model extraction stage",nightly-history.tsv start 02:00; screened csv mtime 02:19 ends scraping; extracted csv mtime 15:36 ends extraction,seeded by tools/seed_labels.py
2026-08-19T12:55:53.933717Z,2026-08-19T13:00:56.465299Z,cubebox,1,"jobspy nightly scan, remote scope, model extraction stage",nightly-history.tsv start 02:00; screened csv mtime 02:19 ends scraping; extracted csv mtime 15:36 ends extraction,seeded by tools/seed_labels.py
2026-08-19T13:01:06.484728Z,2026-08-19T13:06:07.279873Z,cubebox,1,"jobspy nightly scan, remote scope, model extraction stage",nightly-history.tsv start 02:00; screened csv mtime 02:19 ends scraping; extracted csv mtime 15:36 ends extraction,seeded by tools/seed_labels.py
2026-08-19T13:06:17.280047Z,2026-08-19T13:11:18.265147Z,cubebox,1,"jobspy nightly scan, remote scope, model extraction stage",nightly-history.tsv start 02:00; screened csv mtime 02:19 ends scraping; extracted csv mtime 15:36 ends extraction,seeded by tools/seed_labels.py
2026-08-19T13:11:28.277135Z,2026-08-19T13:16:29.423995Z,cubebox,1,"jobspy nightly scan, remote scope, model extraction stage",nightly-history.tsv start 02:00; screened csv mtime 02:19 ends scraping; extracted csv mtime 15:36 ends extraction,seeded by tools/seed_labels.py
2026-08-19T13:16:39.421740Z,2026-08-19T13:21:40.128222Z,cubebox,1,"jobspy nightly scan, remote scope, model extraction stage",nightly-history.tsv start 02:00; screened csv mtime 02:19 ends scraping; extracted csv mtime 15:36 ends extraction,seeded by tools/seed_labels.py
2026-08-19T13:21:50.141448Z,2026-08-19T13:26:51.477213Z,cubebox,1,"jobspy nightly scan, remote scope, model extraction stage",nightly-history.tsv start 02:00; screened csv mtime 02:19 ends scraping; extracted csv mtime 15:36 ends extraction,seeded by tools/seed_labels.py
2026-08-19T13:27:01.487307Z,2026-08-19T13:32:02.148184Z,cubebox,1,"jobspy nightly scan, remote scope, model extraction stage",nightly-history.tsv start 02:00; screened csv mtime 02:19 ends scraping; extracted csv mtime 15:36 ends extraction,seeded by tools/seed_labels.py
2026-08-19T13:32:12.151189Z,2026-08-19T13:37:14.514169Z,cubebox,1,"jobspy nightly scan, remote scope, model extraction stage",nightly-history.tsv start 02:00; screened csv mtime 02:19 ends scraping; extracted csv mtime 15:36 ends extraction,seeded by tools/seed_labels.py
2026-08-19T13:37:24.519292Z,2026-08-19T13:42:25.243650Z,cubebox,1,"jobspy nightly scan, remote scope, model extraction stage",nightly-history.tsv start 02:00; screened csv mtime 02:19 ends scraping; extracted csv mtime 15:36 ends extraction,seeded by tools/seed_labels.py
2026-08-19T13:42:35.252601Z,2026-08-19T13:47:37.119344Z,cubebox,1,"jobspy nightly scan, remote scope, model extraction stage",nightly-history.tsv start 02:00; screened csv mtime 02:19 ends scraping; extracted csv mtime 15:36 ends extraction,seeded by tools/seed_labels.py
2026-08-19T13:47:47.125429Z,2026-08-19T13:52:48.341383Z,cubebox,1,"jobspy nightly scan, remote scope, model extraction stage",nightly-history.tsv start 02:00; screened csv mtime 02:19 ends scraping; extracted csv mtime 15:36 ends extraction,seeded by tools/seed_labels.py
2026-08-19T13:52:58.353261Z,2026-08-19T13:57:59.403781Z,cubebox,1,"jobspy nightly scan, remote scope, model extraction stage",nightly-history.tsv start 02:00; screened csv mtime 02:19 ends scraping; extracted csv mtime 15:36 ends extraction,seeded by tools/seed_labels.py
2026-08-19T13:58:09.408151Z,2026-08-19T14:03:10.341548Z,cubebox,1,"jobspy nightly scan, remote scope, model extraction stage",nightly-history.tsv start 02:00; screened csv mtime 02:19 ends scraping; extracted csv mtime 15:36 ends extraction,seeded by tools/seed_labels.py
2026-08-19T14:03:20.344189Z,2026-08-19T14:08:21.177481Z,cubebox,1,"jobspy nightly scan, remote scope, model extraction stage",nightly-history.tsv start 02:00; screened csv mtime 02:19 ends scraping; extracted csv mtime 15:36 ends extraction,seeded by tools/seed_labels.py
2026-08-19T14:08:31.190486Z,2026-08-19T14:13:31.955794Z,cubebox,1,"jobspy nightly scan, remote scope, model extraction stage",nightly-history.tsv start 02:00; screened csv mtime 02:19 ends scraping; extracted csv mtime 15:36 ends extraction,seeded by tools/seed_labels.py
2026-08-19T14:13:41.958597Z,2026-08-19T14:18:43.590066Z,cubebox,1,"jobspy nightly scan, remote scope, model extraction stage",nightly-history.tsv start 02:00; screened csv mtime 02:19 ends scraping; extracted csv mtime 15:36 ends extraction,seeded by tools/seed_labels.py
2026-08-19T14:18:53.585502Z,2026-08-19T14:23:53.997050Z,cubebox,1,"jobspy nightly scan, remote scope, model extraction stage",nightly-history.tsv start 02:00; screened csv mtime 02:19 ends scraping; extracted csv mtime 15:36 ends extraction,seeded by tools/seed_labels.py
2026-08-19T14:24:04.002209Z,2026-08-19T14:29:04.216323Z,cubebox,1,"jobspy nightly scan, remote scope, model extraction stage",nightly-history.tsv start 02:00; screened csv mtime 02:19 ends scraping; extracted csv mtime 15:36 ends extraction,seeded by tools/seed_labels.py
2026-08-19T14:29:14.232202Z,2026-08-19T14:34:15.428266Z,cubebox,1,"jobspy nightly scan, remote scope, model extraction stage",nightly-history.tsv start 02:00; screened csv mtime 02:19 ends scraping; extracted csv mtime 15:36 ends extraction,seeded by tools/seed_labels.py
2026-08-19T14:34:25.431125Z,2026-08-19T14:39:25.421728Z,cubebox,1,"jobspy nightly scan, remote scope, model extraction stage",nightly-history.tsv start 02:00; screened csv mtime 02:19 ends scraping; extracted csv mtime 15:36 ends extraction,seeded by tools/seed_labels.py
2026-08-19T14:39:35.436661Z,2026-08-19T14:44:36.030697Z,cubebox,1,"jobspy nightly scan, remote scope, model extraction stage",nightly-history.tsv start 02:00; screened csv mtime 02:19 ends scraping; extracted csv mtime 15:36 ends extraction,seeded by tools/seed_labels.py
2026-08-19T14:44:46.048943Z,2026-08-19T14:49:47.545339Z,cubebox,1,"jobspy nightly scan, remote scope, model extraction stage",nightly-history.tsv start 02:00; screened csv mtime 02:19 ends scraping; extracted csv mtime 15:36 ends extraction,seeded by tools/seed_labels.py
2026-08-19T14:49:57.548727Z,2026-08-19T14:54:58.177776Z,cubebox,1,"jobspy nightly scan, remote scope, model extraction stage",nightly-history.tsv start 02:00; screened csv mtime 02:19 ends scraping; extracted csv mtime 15:36 ends extraction,seeded by tools/seed_labels.py
2026-08-19T14:55:08.187187Z,2026-08-19T15:00:09.086805Z,cubebox,1,"jobspy nightly scan, remote scope, model extraction stage",nightly-history.tsv start 02:00; screened csv mtime 02:19 ends scraping; extracted csv mtime 15:36 ends extraction,seeded by tools/seed_labels.py
2026-08-19T15:00:19.088196Z,2026-08-19T15:05:19.777853Z,cubebox,1,"jobspy nightly scan, remote scope, model extraction stage",nightly-history.tsv start 02:00; screened csv mtime 02:19 ends scraping; extracted csv mtime 15:36 ends extraction,seeded by tools/seed_labels.py
2026-08-19T15:05:29.779586Z,2026-08-19T15:10:38.287087Z,cubebox,1,"jobspy nightly scan, remote scope, model extraction stage",nightly-history.tsv start 02:00; screened csv mtime 02:19 ends scraping; extracted csv mtime 15:36 ends extraction,seeded by tools/seed_labels.py
2026-08-19T15:10:48.295703Z,2026-08-19T15:15:48.460446Z,cubebox,1,"jobspy nightly scan, remote scope, model extraction stage",nightly-history.tsv start 02:00; screened csv mtime 02:19 ends scraping; extracted csv mtime 15:36 ends extraction,seeded by tools/seed_labels.py
2026-08-19T15:15:58.459054Z,2026-08-19T15:20:58.701846Z,cubebox,1,"jobspy nightly scan, remote scope, model extraction stage",nightly-history.tsv start 02:00; screened csv mtime 02:19 ends scraping; extracted csv mtime 15:36 ends extraction,seeded by tools/seed_labels.py
2026-08-19T15:21:08.698323Z,2026-08-19T15:26:08.759620Z,cubebox,1,"jobspy nightly scan, remote scope, model extraction stage",nightly-history.tsv start 02:00; screened csv mtime 02:19 ends scraping; extracted csv mtime 15:36 ends extraction,seeded by tools/seed_labels.py
2026-08-19T15:26:18.765193Z,2026-08-19T15:31:18.814726Z,cubebox,1,"jobspy nightly scan, remote scope, model extraction stage",nightly-history.tsv start 02:00; screened csv mtime 02:19 ends scraping; extracted csv mtime 15:36 ends extraction,seeded by tools/seed_labels.py
2026-08-19T15:31:28.819155Z,2026-08-19T15:36:29.104302Z,cubebox,1,"jobspy nightly scan, remote scope, model extraction stage",nightly-history.tsv start 02:00; screened csv mtime 02:19 ends scraping; extracted csv mtime 15:36 ends extraction,seeded by tools/seed_labels.py
2026-08-19T15:36:39.105449Z,2026-08-19T15:41:39.280870Z,cubebox,1,"jobspy nightly scan, remote scope, model extraction stage",nightly-history.tsv start 02:00; screened csv mtime 02:19 ends scraping; extracted csv mtime 15:36 ends extraction,seeded by tools/seed_labels.py
2026-08-19T15:41:49.291520Z,2026-08-19T15:46:49.400086Z,cubebox,1,"jobspy nightly scan, remote scope, model extraction stage",nightly-history.tsv start 02:00; screened csv mtime 02:19 ends scraping; extracted csv mtime 15:36 ends extraction,seeded by tools/seed_labels.py
2026-08-19T15:46:59.412583Z,2026-08-19T15:51:59.446123Z,cubebox,1,"jobspy nightly scan, remote scope, model extraction stage",nightly-history.tsv start 02:00; screened csv mtime 02:19 ends scraping; extracted csv mtime 15:36 ends extraction,seeded by tools/seed_labels.py
2026-08-19T15:52:09.464851Z,2026-08-19T15:57:09.411230Z,cubebox,1,"jobspy nightly scan, remote scope, model extraction stage",nightly-history.tsv start 02:00; screened csv mtime 02:19 ends scraping; extracted csv mtime 15:36 ends extraction,seeded by tools/seed_labels.py
2026-08-19T15:57:19.423438Z,2026-08-19T16:02:19.634624Z,cubebox,1,"jobspy nightly scan, remote scope, model extraction stage",nightly-history.tsv start 02:00; screened csv mtime 02:19 ends scraping; extracted csv mtime 15:36 ends extraction,seeded by tools/seed_labels.py
2026-08-19T16:02:29.636753Z,2026-08-19T16:07:29.729085Z,cubebox,1,"jobspy nightly scan, remote scope, model extraction stage",nightly-history.tsv start 02:00; screened csv mtime 02:19 ends scraping; extracted csv mtime 15:36 ends extraction,seeded by tools/seed_labels.py
2026-08-19T16:07:39.718669Z,2026-08-19T16:12:39.812204Z,cubebox,1,"jobspy nightly scan, remote scope, model extraction stage",nightly-history.tsv start 02:00; screened csv mtime 02:19 ends scraping; extracted csv mtime 15:36 ends extraction,seeded by tools/seed_labels.py
2026-08-19T16:12:49.813662Z,2026-08-19T16:17:50.123132Z,cubebox,1,"jobspy nightly scan, remote scope, model extraction stage",nightly-history.tsv start 02:00; screened csv mtime 02:19 ends scraping; extracted csv mtime 15:36 ends extraction,seeded by tools/seed_labels.py
2026-08-19T16:18:00.130389Z,2026-08-19T16:23:00.570554Z,cubebox,1,"jobspy nightly scan, remote scope, model extraction stage",nightly-history.tsv start 02:00; screened csv mtime 02:19 ends scraping; extracted csv mtime 15:36 ends extraction,seeded by tools/seed_labels.py
2026-08-19T16:23:10.578753Z,2026-08-19T16:28:10.942782Z,cubebox,1,"jobspy nightly scan, remote scope, model extraction stage",nightly-history.tsv start 02:00; screened csv mtime 02:19 ends scraping; extracted csv mtime 15:36 ends extraction,seeded by tools/seed_labels.py
2026-08-19T16:28:20.950943Z,2026-08-19T16:33:21.565188Z,cubebox,1,"jobspy nightly scan, remote scope, model extraction stage",nightly-history.tsv start 02:00; screened csv mtime 02:19 ends scraping; extracted csv mtime 15:36 ends extraction,seeded by tools/seed_labels.py
2026-08-19T16:33:31.578819Z,2026-08-19T16:38:31.799117Z,cubebox,1,"jobspy nightly scan, remote scope, model extraction stage",nightly-history.tsv start 02:00; screened csv mtime 02:19 ends scraping; extracted csv mtime 15:36 ends extraction,seeded by tools/seed_labels.py
2026-08-19T16:38:41.804486Z,2026-08-19T16:43:42.249523Z,cubebox,1,"jobspy nightly scan, remote scope, model extraction stage",nightly-history.tsv start 02:00; screened csv mtime 02:19 ends scraping; extracted csv mtime 15:36 ends extraction,seeded by tools/seed_labels.py
2026-08-19T16:43:52.263388Z,2026-08-19T16:48:53.310242Z,cubebox,1,"jobspy nightly scan, remote scope, model extraction stage",nightly-history.tsv start 02:00; screened csv mtime 02:19 ends scraping; extracted csv mtime 15:36 ends extraction,seeded by tools/seed_labels.py
2026-08-19T16:49:03.285691Z,2026-08-19T16:54:04.001701Z,cubebox,1,"jobspy nightly scan, remote scope, model extraction stage",nightly-history.tsv start 02:00; screened csv mtime 02:19 ends scraping; extracted csv mtime 15:36 ends extraction,seeded by tools/seed_labels.py
2026-08-19T16:54:14.003040Z,2026-08-19T16:59:14.505366Z,cubebox,1,"jobspy nightly scan, remote scope, model extraction stage",nightly-history.tsv start 02:00; screened csv mtime 02:19 ends scraping; extracted csv mtime 15:36 ends extraction,seeded by tools/seed_labels.py
2026-08-19T16:59:24.518291Z,2026-08-19T17:04:25.757234Z,cubebox,1,"jobspy nightly scan, remote scope, model extraction stage",nightly-history.tsv start 02:00; screened csv mtime 02:19 ends scraping; extracted csv mtime 15:36 ends extraction,seeded by tools/seed_labels.py
2026-08-19T17:04:35.766491Z,2026-08-19T17:09:36.935627Z,cubebox,1,"jobspy nightly scan, remote scope, model extraction stage",nightly-history.tsv start 02:00; screened csv mtime 02:19 ends scraping; extracted csv mtime 15:36 ends extraction,seeded by tools/seed_labels.py
2026-08-19T17:09:46.943162Z,2026-08-19T17:14:48.154607Z,cubebox,1,"jobspy nightly scan, remote scope, model extraction stage",nightly-history.tsv start 02:00; screened csv mtime 02:19 ends scraping; extracted csv mtime 15:36 ends extraction,seeded by tools/seed_labels.py
2026-08-19T17:14:58.197517Z,2026-08-19T17:19:59.375127Z,cubebox,1,"jobspy nightly scan, remote scope, model extraction stage",nightly-history.tsv start 02:00; screened csv mtime 02:19 ends scraping; extracted csv mtime 15:36 ends extraction,seeded by tools/seed_labels.py
2026-08-19T17:20:09.385653Z,2026-08-19T17:25:10.826135Z,cubebox,1,"jobspy nightly scan, remote scope, model extraction stage",nightly-history.tsv start 02:00; screened csv mtime 02:19 ends scraping; extracted csv mtime 15:36 ends extraction,seeded by tools/seed_labels.py
2026-08-19T17:25:20.829904Z,2026-08-19T17:30:22.309953Z,cubebox,1,"jobspy nightly scan, remote scope, model extraction stage",nightly-history.tsv start 02:00; screened csv mtime 02:19 ends scraping; extracted csv mtime 15:36 ends extraction,seeded by tools/seed_labels.py
2026-08-19T17:30:32.314408Z,2026-08-19T17:35:33.372807Z,cubebox,1,"jobspy nightly scan, remote scope, model extraction stage",nightly-history.tsv start 02:00; screened csv mtime 02:19 ends scraping; extracted csv mtime 15:36 ends extraction,seeded by tools/seed_labels.py
2026-08-19T17:35:43.376211Z,2026-08-19T17:40:44.915384Z,cubebox,1,"jobspy nightly scan, remote scope, model extraction stage",nightly-history.tsv start 02:00; screened csv mtime 02:19 ends scraping; extracted csv mtime 15:36 ends extraction,seeded by tools/seed_labels.py
2026-08-19T17:40:54.932469Z,2026-08-19T17:45:56.916765Z,cubebox,1,"jobspy nightly scan, remote scope, model extraction stage",nightly-history.tsv start 02:00; screened csv mtime 02:19 ends scraping; extracted csv mtime 15:36 ends extraction,seeded by tools/seed_labels.py
2026-08-19T17:46:06.931760Z,2026-08-19T17:51:17.887883Z,cubebox,1,"jobspy nightly scan, remote scope, model extraction stage",nightly-history.tsv start 02:00; screened csv mtime 02:19 ends scraping; extracted csv mtime 15:36 ends extraction,seeded by tools/seed_labels.py
2026-08-19T17:51:28.304106Z,2026-08-19T17:56:30.512151Z,cubebox,1,"jobspy nightly scan, remote scope, model extraction stage",nightly-history.tsv start 02:00; screened csv mtime 02:19 ends scraping; extracted csv mtime 15:36 ends extraction,seeded by tools/seed_labels.py
2026-08-19T17:56:40.973300Z,2026-08-19T18:01:42.540210Z,cubebox,1,"jobspy nightly scan, remote scope, model extraction stage",nightly-history.tsv start 02:00; screened csv mtime 02:19 ends scraping; extracted csv mtime 15:36 ends extraction,seeded by tools/seed_labels.py
2026-08-19T18:01:52.880546Z,2026-08-19T18:06:54.442221Z,cubebox,1,"jobspy nightly scan, remote scope, model extraction stage",nightly-history.tsv start 02:00; screened csv mtime 02:19 ends scraping; extracted csv mtime 15:36 ends extraction,seeded by tools/seed_labels.py
2026-08-19T18:07:04.854232Z,2026-08-19T18:12:05.734984Z,cubebox,1,"jobspy nightly scan, remote scope, model extraction stage",nightly-history.tsv start 02:00; screened csv mtime 02:19 ends scraping; extracted csv mtime 15:36 ends extraction,seeded by tools/seed_labels.py
2026-08-19T18:12:16.115121Z,2026-08-19T18:17:28.645336Z,cubebox,1,"jobspy nightly scan, remote scope, model extraction stage",nightly-history.tsv start 02:00; screened csv mtime 02:19 ends scraping; extracted csv mtime 15:36 ends extraction,seeded by tools/seed_labels.py
2026-08-19T18:17:38.641424Z,2026-08-19T18:22:42.608423Z,cubebox,1,"jobspy nightly scan, remote scope, model extraction stage",nightly-history.tsv start 02:00; screened csv mtime 02:19 ends scraping; extracted csv mtime 15:36 ends extraction,seeded by tools/seed_labels.py
2026-08-19T18:22:52.624663Z,2026-08-19T18:28:08.330554Z,cubebox,1,"jobspy nightly scan, remote scope, model extraction stage",nightly-history.tsv start 02:00; screened csv mtime 02:19 ends scraping; extracted csv mtime 15:36 ends extraction,seeded by tools/seed_labels.py
2026-08-19T18:28:23.268064Z,2026-08-19T18:33:29.746832Z,cubebox,1,"jobspy nightly scan, remote scope, model extraction stage",nightly-history.tsv start 02:00; screened csv mtime 02:19 ends scraping; extracted csv mtime 15:36 ends extraction,seeded by tools/seed_labels.py
2026-08-19T18:33:40.132983Z,2026-08-19T18:38:42.983410Z,cubebox,1,"jobspy nightly scan, remote scope, model extraction stage",nightly-history.tsv start 02:00; screened csv mtime 02:19 ends scraping; extracted csv mtime 15:36 ends extraction,seeded by tools/seed_labels.py
2026-08-19T18:38:53.357059Z,2026-08-19T18:43:55.651720Z,cubebox,0,,extraction finished at 15:36 and the shortlist was written 15:41; next run in nightly-history.tsv is 23:30,seeded by tools/seed_labels.py
2026-08-19T18:44:06.078434Z,2026-08-19T18:49:08.163131Z,cubebox,0,,extraction finished at 15:36 and the shortlist was written 15:41; next run in nightly-history.tsv is 23:30,seeded by tools/seed_labels.py
2026-08-19T18:49:18.507481Z,2026-08-19T18:54:19.843944Z,cubebox,0,,extraction finished at 15:36 and the shortlist was written 15:41; next run in nightly-history.tsv is 23:30,seeded by tools/seed_labels.py
2026-08-19T18:54:30.252094Z,2026-08-19T18:59:31.563488Z,cubebox,0,,extraction finished at 15:36 and the shortlist was written 15:41; next run in nightly-history.tsv is 23:30,seeded by tools/seed_labels.py
2026-08-19T18:59:41.974527Z,2026-08-19T19:04:44.009640Z,cubebox,0,,extraction finished at 15:36 and the shortlist was written 15:41; next run in nightly-history.tsv is 23:30,seeded by tools/seed_labels.py
2026-08-19T19:04:54.443639Z,2026-08-19T19:09:56.205736Z,cubebox,0,,extraction finished at 15:36 and the shortlist was written 15:41; next run in nightly-history.tsv is 23:30,seeded by tools/seed_labels.py
2026-08-19T19:10:06.606886Z,2026-08-19T19:15:08.715129Z,cubebox,0,,extraction finished at 15:36 and the shortlist was written 15:41; next run in nightly-history.tsv is 23:30,seeded by tools/seed_labels.py
2026-08-19T19:15:19.064190Z,2026-08-19T19:20:20.738043Z,cubebox,0,,extraction finished at 15:36 and the shortlist was written 15:41; next run in nightly-history.tsv is 23:30,seeded by tools/seed_labels.py
2026-08-19T19:20:31.144926Z,2026-08-19T19:25:32.430237Z,cubebox,0,,extraction finished at 15:36 and the shortlist was written 15:41; next run in nightly-history.tsv is 23:30,seeded by tools/seed_labels.py
2026-08-19T19:25:42.832383Z,2026-08-19T19:30:44.706770Z,cubebox,0,,extraction finished at 15:36 and the shortlist was written 15:41; next run in nightly-history.tsv is 23:30,seeded by tools/seed_labels.py
2026-08-19T19:30:55.120714Z,2026-08-19T19:35:56.567245Z,cubebox,0,,extraction finished at 15:36 and the shortlist was written 15:41; next run in nightly-history.tsv is 23:30,seeded by tools/seed_labels.py
2026-08-19T19:36:07.054402Z,2026-08-19T19:41:08.082756Z,cubebox,0,,extraction finished at 15:36 and the shortlist was written 15:41; next run in nightly-history.tsv is 23:30,seeded by tools/seed_labels.py
2026-08-19T19:41:18.420655Z,2026-08-19T19:46:19.190229Z,cubebox,0,,extraction finished at 15:36 and the shortlist was written 15:41; next run in nightly-history.tsv is 23:30,seeded by tools/seed_labels.py
2026-08-19T19:46:29.543726Z,2026-08-19T19:51:30.739969Z,cubebox,0,,extraction finished at 15:36 and the shortlist was written 15:41; next run in nightly-history.tsv is 23:30,seeded by tools/seed_labels.py
2026-08-19T19:51:41.148945Z,2026-08-19T19:56:42.262561Z,cubebox,0,,extraction finished at 15:36 and the shortlist was written 15:41; next run in nightly-history.tsv is 23:30,seeded by tools/seed_labels.py
2026-08-19T19:56:52.642402Z,2026-08-19T20:01:53.671496Z,cubebox,0,,extraction finished at 15:36 and the shortlist was written 15:41; next run in nightly-history.tsv is 23:30,seeded by tools/seed_labels.py
2026-08-19T20:02:04.111294Z,2026-08-19T20:07:05.101216Z,cubebox,0,,extraction finished at 15:36 and the shortlist was written 15:41; next run in nightly-history.tsv is 23:30,seeded by tools/seed_labels.py
2026-08-19T20:07:15.556925Z,2026-08-19T20:12:15.723572Z,cubebox,0,,extraction finished at 15:36 and the shortlist was written 15:41; next run in nightly-history.tsv is 23:30,seeded by tools/seed_labels.py
2026-08-19T20:12:25.984975Z,2026-08-19T20:17:26.563982Z,cubebox,0,,extraction finished at 15:36 and the shortlist was written 15:41; next run in nightly-history.tsv is 23:30,seeded by tools/seed_labels.py
2026-08-19T20:17:37.025203Z,2026-08-19T20:22:37.456286Z,cubebox,0,,extraction finished at 15:36 and the shortlist was written 15:41; next run in nightly-history.tsv is 23:30,seeded by tools/seed_labels.py
2026-08-19T20:22:47.773005Z,2026-08-19T20:27:48.355048Z,cubebox,0,,extraction finished at 15:36 and the shortlist was written 15:41; next run in nightly-history.tsv is 23:30,seeded by tools/seed_labels.py
2026-08-19T20:27:58.789685Z,2026-08-19T20:32:58.632615Z,cubebox,0,,extraction finished at 15:36 and the shortlist was written 15:41; next run in nightly-history.tsv is 23:30,seeded by tools/seed_labels.py
2026-08-19T20:33:08.976678Z,2026-08-19T20:38:09.677651Z,cubebox,0,,extraction finished at 15:36 and the shortlist was written 15:41; next run in nightly-history.tsv is 23:30,seeded by tools/seed_labels.py
2026-08-19T20:38:19.940159Z,2026-08-19T20:43:20.077171Z,cubebox,0,,extraction finished at 15:36 and the shortlist was written 15:41; next run in nightly-history.tsv is 23:30,seeded by tools/seed_labels.py
2026-08-19T20:43:30.397817Z,2026-08-19T20:48:30.722899Z,cubebox,0,,extraction finished at 15:36 and the shortlist was written 15:41; next run in nightly-history.tsv is 23:30,seeded by tools/seed_labels.py
2026-08-19T20:48:40.962944Z,2026-08-19T20:53:42.912372Z,cubebox,0,,extraction finished at 15:36 and the shortlist was written 15:41; next run in nightly-history.tsv is 23:30,seeded by tools/seed_labels.py
2026-08-19T20:53:53.303484Z,2026-08-19T20:58:53.973270Z,cubebox,0,,extraction finished at 15:36 and the shortlist was written 15:41; next run in nightly-history.tsv is 23:30,seeded by tools/seed_labels.py
2026-08-19T20:59:04.499089Z,2026-08-19T21:04:05.818656Z,cubebox,0,,extraction finished at 15:36 and the shortlist was written 15:41; next run in nightly-history.tsv is 23:30,seeded by tools/seed_labels.py
2026-08-19T21:04:16.215319Z,2026-08-19T21:09:17.709411Z,cubebox,0,,extraction finished at 15:36 and the shortlist was written 15:41; next run in nightly-history.tsv is 23:30,seeded by tools/seed_labels.py
2026-08-19T21:09:28.079493Z,2026-08-19T21:14:37.436910Z,cubebox,0,,extraction finished at 15:36 and the shortlist was written 15:41; next run in nightly-history.tsv is 23:30,seeded by tools/seed_labels.py
2026-08-19T21:14:47.443982Z,2026-08-19T21:19:48.497880Z,cubebox,0,,extraction finished at 15:36 and the shortlist was written 15:41; next run in nightly-history.tsv is 23:30,seeded by tools/seed_labels.py
2026-08-19T21:19:58.504360Z,2026-08-19T21:24:59.894031Z,cubebox,0,,extraction finished at 15:36 and the shortlist was written 15:41; next run in nightly-history.tsv is 23:30,seeded by tools/seed_labels.py
2026-08-19T21:25:09.893462Z,2026-08-19T21:30:11.646309Z,cubebox,0,,extraction finished at 15:36 and the shortlist was written 15:41; next run in nightly-history.tsv is 23:30,seeded by tools/seed_labels.py
2026-08-19T21:30:21.628803Z,2026-08-19T21:35:23.418398Z,cubebox,0,,extraction finished at 15:36 and the shortlist was written 15:41; next run in nightly-history.tsv is 23:30,seeded by tools/seed_labels.py
2026-08-19T21:35:33.416819Z,2026-08-19T21:40:34.997187Z,cubebox,0,,extraction finished at 15:36 and the shortlist was written 15:41; next run in nightly-history.tsv is 23:30,seeded by tools/seed_labels.py
2026-08-19T21:40:45.010703Z,2026-08-19T21:45:46.898088Z,cubebox,0,,extraction finished at 15:36 and the shortlist was written 15:41; next run in nightly-history.tsv is 23:30,seeded by tools/seed_labels.py
2026-08-19T21:45:56.902864Z,2026-08-19T21:50:58.513727Z,cubebox,0,,extraction finished at 15:36 and the shortlist was written 15:41; next run in nightly-history.tsv is 23:30,seeded by tools/seed_labels.py
2026-08-19T21:51:08.540619Z,2026-08-19T21:56:10.029968Z,cubebox,0,,extraction finished at 15:36 and the shortlist was written 15:41; next run in nightly-history.tsv is 23:30,seeded by tools/seed_labels.py
2026-08-19T21:56:20.048681Z,2026-08-19T22:01:29.717664Z,cubebox,0,,extraction finished at 15:36 and the shortlist was written 15:41; next run in nightly-history.tsv is 23:30,seeded by tools/seed_labels.py
2026-08-21T15:10:47.071826Z,2026-08-21T15:15:50.957104Z,cubebox,0,,"no run in nightly-history.tsv between 08-20 23:30 and 08-21 17:00; desk work only, corroborated by jobspy-search commits at 16:44",seeded by tools/seed_labels.py
2026-08-21T15:16:02.713548Z,2026-08-21T15:21:30.843038Z,cubebox,0,,"no run in nightly-history.tsv between 08-20 23:30 and 08-21 17:00; desk work only, corroborated by jobspy-search commits at 16:44",seeded by tools/seed_labels.py
2026-08-21T15:21:40.856601Z,2026-08-21T15:26:43.908913Z,cubebox,0,,"no run in nightly-history.tsv between 08-20 23:30 and 08-21 17:00; desk work only, corroborated by jobspy-search commits at 16:44",seeded by tools/seed_labels.py
2026-08-21T15:26:53.916958Z,2026-08-21T15:31:57.249471Z,cubebox,0,,"no run in nightly-history.tsv between 08-20 23:30 and 08-21 17:00; desk work only, corroborated by jobspy-search commits at 16:44",seeded by tools/seed_labels.py
2026-08-21T15:32:07.269226Z,2026-08-21T15:37:10.856171Z,cubebox,0,,"no run in nightly-history.tsv between 08-20 23:30 and 08-21 17:00; desk work only, corroborated by jobspy-search commits at 16:44",seeded by tools/seed_labels.py
2026-08-21T15:37:20.857978Z,2026-08-21T15:42:32.204183Z,cubebox,0,,"no run in nightly-history.tsv between 08-20 23:30 and 08-21 17:00; desk work only, corroborated by jobspy-search commits at 16:44",seeded by tools/seed_labels.py
2026-08-21T15:42:42.702200Z,2026-08-21T15:47:46.010958Z,cubebox,0,,"no run in nightly-history.tsv between 08-20 23:30 and 08-21 17:00; desk work only, corroborated by jobspy-search commits at 16:44",seeded by tools/seed_labels.py
2026-08-21T15:47:56.496544Z,2026-08-21T15:53:08.159001Z,cubebox,0,,"no run in nightly-history.tsv between 08-20 23:30 and 08-21 17:00; desk work only, corroborated by jobspy-search commits at 16:44",seeded by tools/seed_labels.py
2026-08-21T15:53:23.346128Z,2026-08-21T15:58:41.243876Z,cubebox,0,,"no run in nightly-history.tsv between 08-20 23:30 and 08-21 17:00; desk work only, corroborated by jobspy-search commits at 16:44",seeded by tools/seed_labels.py
2026-08-21T15:58:51.800099Z,2026-08-21T16:03:54.527619Z,cubebox,0,,"no run in nightly-history.tsv between 08-20 23:30 and 08-21 17:00; desk work only, corroborated by jobspy-search commits at 16:44",seeded by tools/seed_labels.py
2026-08-21T16:04:05.021987Z,2026-08-21T16:09:07.905648Z,cubebox,0,,"no run in nightly-history.tsv between 08-20 23:30 and 08-21 17:00; desk work only, corroborated by jobspy-search commits at 16:44",seeded by tools/seed_labels.py
2026-08-21T16:09:18.446805Z,2026-08-21T16:14:21.180701Z,cubebox,0,,"no run in nightly-history.tsv between 08-20 23:30 and 08-21 17:00; desk work only, corroborated by jobspy-search commits at 16:44",seeded by tools/seed_labels.py
2026-08-21T16:14:31.690698Z,2026-08-21T16:19:34.640208Z,cubebox,0,,"no run in nightly-history.tsv between 08-20 23:30 and 08-21 17:00; desk work only, corroborated by jobspy-search commits at 16:44",seeded by tools/seed_labels.py
2026-08-21T16:19:45.143251Z,2026-08-21T16:24:58.070495Z,cubebox,0,,"no run in nightly-history.tsv between 08-20 23:30 and 08-21 17:00; desk work only, corroborated by jobspy-search commits at 16:44",seeded by tools/seed_labels.py
2026-08-21T16:25:08.079966Z,2026-08-21T16:30:27.400761Z,cubebox,0,,"no run in nightly-history.tsv between 08-20 23:30 and 08-21 17:00; desk work only, corroborated by jobspy-search commits at 16:44",seeded by tools/seed_labels.py
2026-08-21T16:30:37.950063Z,2026-08-21T16:35:46.200981Z,cubebox,0,,"no run in nightly-history.tsv between 08-20 23:30 and 08-21 17:00; desk work only, corroborated by jobspy-search commits at 16:44",seeded by tools/seed_labels.py
2026-08-21T16:35:56.208865Z,2026-08-21T16:41:12.519698Z,cubebox,0,,"no run in nightly-history.tsv between 08-20 23:30 and 08-21 17:00; desk work only, corroborated by jobspy-search commits at 16:44",seeded by tools/seed_labels.py
2026-08-21T16:41:24.174441Z,2026-08-21T16:46:26.335013Z,cubebox,0,,"no run in nightly-history.tsv between 08-20 23:30 and 08-21 17:00; desk work only, corroborated by jobspy-search commits at 16:44",seeded by tools/seed_labels.py
2026-08-21T16:46:37.886093Z,2026-08-21T16:51:38.061098Z,cubebox,0,,"no run in nightly-history.tsv between 08-20 23:30 and 08-21 17:00; desk work only, corroborated by jobspy-search commits at 16:44",seeded by tools/seed_labels.py
2026-08-21T16:51:49.586634Z,2026-08-21T16:56:49.443332Z,cubebox,0,,"no run in nightly-history.tsv between 08-20 23:30 and 08-21 17:00; desk work only, corroborated by jobspy-search commits at 16:44",seeded by tools/seed_labels.py
2026-08-21T16:57:00.888386Z,2026-08-21T17:02:01.516678Z,cubebox,0,,"no run in nightly-history.tsv between 08-20 23:30 and 08-21 17:00; desk work only, corroborated by jobspy-search commits at 16:44",seeded by tools/seed_labels.py
2026-08-21T17:02:13.140804Z,2026-08-21T17:07:14.729224Z,cubebox,0,,"no run in nightly-history.tsv between 08-20 23:30 and 08-21 17:00; desk work only, corroborated by jobspy-search commits at 16:44",seeded by tools/seed_labels.py
2026-08-21T17:07:26.262724Z,2026-08-21T17:12:26.507395Z,cubebox,0,,"no run in nightly-history.tsv between 08-20 23:30 and 08-21 17:00; desk work only, corroborated by jobspy-search commits at 16:44",seeded by tools/seed_labels.py
2026-08-21T17:12:38.016211Z,2026-08-21T17:17:39.276250Z,cubebox,0,,"no run in nightly-history.tsv between 08-20 23:30 and 08-21 17:00; desk work only, corroborated by jobspy-search commits at 16:44",seeded by tools/seed_labels.py
2026-08-21T17:17:50.815712Z,2026-08-21T17:22:52.089062Z,cubebox,0,,"no run in nightly-history.tsv between 08-20 23:30 and 08-21 17:00; desk work only, corroborated by jobspy-search commits at 16:44",seeded by tools/seed_labels.py
2026-08-21T17:23:03.670527Z,2026-08-21T17:28:05.034909Z,cubebox,0,,"no run in nightly-history.tsv between 08-20 23:30 and 08-21 17:00; desk work only, corroborated by jobspy-search commits at 16:44",seeded by tools/seed_labels.py
2026-08-21T17:28:16.647453Z,2026-08-21T17:33:18.389185Z,cubebox,0,,"no run in nightly-history.tsv between 08-20 23:30 and 08-21 17:00; desk work only, corroborated by jobspy-search commits at 16:44",seeded by tools/seed_labels.py
2026-08-21T17:33:30.067561Z,2026-08-21T17:38:31.942151Z,cubebox,0,,"no run in nightly-history.tsv between 08-20 23:30 and 08-21 17:00; desk work only, corroborated by jobspy-search commits at 16:44",seeded by tools/seed_labels.py
2026-08-21T17:38:43.582754Z,2026-08-21T17:43:45.556369Z,cubebox,0,,"no run in nightly-history.tsv between 08-20 23:30 and 08-21 17:00; desk work only, corroborated by jobspy-search commits at 16:44",seeded by tools/seed_labels.py
2026-08-21T17:43:57.115473Z,2026-08-21T17:49:08.377657Z,cubebox,0,,"no run in nightly-history.tsv between 08-20 23:30 and 08-21 17:00; desk work only, corroborated by jobspy-search commits at 16:44",seeded by tools/seed_labels.py
2026-08-21T17:49:18.788463Z,2026-08-21T17:54:21.599253Z,cubebox,0,,"no run in nightly-history.tsv between 08-20 23:30 and 08-21 17:00; desk work only, corroborated by jobspy-search commits at 16:44",seeded by tools/seed_labels.py
2026-08-21T17:54:32.110709Z,2026-08-21T17:59:35.016481Z,cubebox,0,,"no run in nightly-history.tsv between 08-20 23:30 and 08-21 17:00; desk work only, corroborated by jobspy-search commits at 16:44",seeded by tools/seed_labels.py
2026-08-21T17:59:45.549559Z,2026-08-21T18:04:58.387381Z,cubebox,0,,"no run in nightly-history.tsv between 08-20 23:30 and 08-21 17:00; desk work only, corroborated by jobspy-search commits at 16:44",seeded by tools/seed_labels.py
2026-08-21T18:05:08.394657Z,2026-08-21T18:10:11.958334Z,cubebox,0,,"no run in nightly-history.tsv between 08-20 23:30 and 08-21 17:00; desk work only, corroborated by jobspy-search commits at 16:44",seeded by tools/seed_labels.py
2026-08-21T18:10:21.961988Z,2026-08-21T18:15:25.557614Z,cubebox,0,,"no run in nightly-history.tsv between 08-20 23:30 and 08-21 17:00; desk work only, corroborated by jobspy-search commits at 16:44",seeded by tools/seed_labels.py
2026-08-21T18:15:35.561886Z,2026-08-21T18:20:38.980468Z,cubebox,0,,"no run in nightly-history.tsv between 08-20 23:30 and 08-21 17:00; desk work only, corroborated by jobspy-search commits at 16:44",seeded by tools/seed_labels.py
2026-08-21T18:20:48.987225Z,2026-08-21T18:25:52.544542Z,cubebox,0,,"no run in nightly-history.tsv between 08-20 23:30 and 08-21 17:00; desk work only, corroborated by jobspy-search commits at 16:44",seeded by tools/seed_labels.py
2026-08-21T18:26:02.561181Z,2026-08-21T18:31:06.019930Z,cubebox,0,,"no run in nightly-history.tsv between 08-20 23:30 and 08-21 17:00; desk work only, corroborated by jobspy-search commits at 16:44",seeded by tools/seed_labels.py
2026-08-21T18:31:16.030622Z,2026-08-21T18:36:19.572139Z,cubebox,0,,"no run in nightly-history.tsv between 08-20 23:30 and 08-21 17:00; desk work only, corroborated by jobspy-search commits at 16:44",seeded by tools/seed_labels.py
2026-08-21T18:36:29.570885Z,2026-08-21T18:41:33.073883Z,cubebox,0,,"no run in nightly-history.tsv between 08-20 23:30 and 08-21 17:00; desk work only, corroborated by jobspy-search commits at 16:44",seeded by tools/seed_labels.py
2026-08-21T18:41:43.091502Z,2026-08-21T18:46:46.362167Z,cubebox,0,,"no run in nightly-history.tsv between 08-20 23:30 and 08-21 17:00; desk work only, corroborated by jobspy-search commits at 16:44",seeded by tools/seed_labels.py
2026-08-21T18:46:56.369751Z,2026-08-21T18:51:59.645624Z,cubebox,0,,"no run in nightly-history.tsv between 08-20 23:30 and 08-21 17:00; desk work only, corroborated by jobspy-search commits at 16:44",seeded by tools/seed_labels.py
2026-08-21T18:52:09.655268Z,2026-08-21T18:57:13.027343Z,cubebox,0,,"no run in nightly-history.tsv between 08-20 23:30 and 08-21 17:00; desk work only, corroborated by jobspy-search commits at 16:44",seeded by tools/seed_labels.py
2026-08-21T18:57:23.034885Z,2026-08-21T19:02:41.185010Z,cubebox,0,,"no run in nightly-history.tsv between 08-20 23:30 and 08-21 17:00; desk work only, corroborated by jobspy-search commits at 16:44",seeded by tools/seed_labels.py
2026-08-21T19:02:56.351575Z,2026-08-21T19:08:02.513681Z,cubebox,0,,"no run in nightly-history.tsv between 08-20 23:30 and 08-21 17:00; desk work only, corroborated by jobspy-search commits at 16:44",seeded by tools/seed_labels.py
2026-08-21T19:08:13.015431Z,2026-08-21T19:13:15.900798Z,cubebox,0,,"no run in nightly-history.tsv between 08-20 23:30 and 08-21 17:00; desk work only, corroborated by jobspy-search commits at 16:44",seeded by tools/seed_labels.py
2026-08-21T19:13:26.460723Z,2026-08-21T19:18:39.444126Z,cubebox,0,,"no run in nightly-history.tsv between 08-20 23:30 and 08-21 17:00; desk work only, corroborated by jobspy-search commits at 16:44",seeded by tools/seed_labels.py
2026-08-21T19:18:51.112525Z,2026-08-21T19:23:53.035034Z,cubebox,0,,"no run in nightly-history.tsv between 08-20 23:30 and 08-21 17:00; desk work only, corroborated by jobspy-search commits at 16:44",seeded by tools/seed_labels.py
2026-08-21T19:24:04.587324Z,2026-08-21T19:29:25.356508Z,cubebox,0,,"no run in nightly-history.tsv between 08-20 23:30 and 08-21 17:00; desk work only, corroborated by jobspy-search commits at 16:44",seeded by tools/seed_labels.py
2026-08-21T19:29:35.883974Z,2026-08-21T19:34:38.724403Z,cubebox,0,,"no run in nightly-history.tsv between 08-20 23:30 and 08-21 17:00; desk work only, corroborated by jobspy-search commits at 16:44",seeded by tools/seed_labels.py
2026-08-21T19:57:59.450571Z,2026-08-21T20:03:01.518288Z,cubebox,1,jobspy evening Halifax pass,nightly-history.tsv start 17:00; nightly-2026-08-21.log 'finished in 12 min'; shortlist csv mtime 17:11,seeded by tools/seed_labels.py
2026-08-21T20:03:11.936917Z,2026-08-21T20:08:16.445914Z,cubebox,1,jobspy evening Halifax pass,nightly-history.tsv start 17:00; nightly-2026-08-21.log 'finished in 12 min'; shortlist csv mtime 17:11,seeded by tools/seed_labels.py
2026-08-21T20:08:26.823399Z,2026-08-21T20:13:31.134032Z,cubebox,1,jobspy evening Halifax pass,nightly-history.tsv start 17:00; nightly-2026-08-21.log 'finished in 12 min'; shortlist csv mtime 17:11,seeded by tools/seed_labels.py
